ID,Name
50030207,莱万多夫斯基
50001488,本泽马
50055285,何塞卢
50064414,格列兹曼
50180935,韦达特-穆里奇
50192826,博尔哈-伊格莱西亚斯
50195527,于纳尔
50069838,莫拉塔
50384546,卡斯特利亚诺斯
50044324,阿斯帕斯
50139227,索尔洛特
50574562,尼古拉-雅克松
50523043,贝加
50068505,布莱斯维特
50177832,伊尼亚基-威廉斯
50387139,维尼修斯
50463016,桑切特
50015786,斯图亚尼
50183605,安赫尔-科雷亚
50204954,阿森西奥
50232188,帕拉松
50391460,久保建英
50429386,罗德里戈
50026380,布季米尔
50103578,路易斯-阿维拉
50213708,布赖斯-门德斯
50216323,拉林
50225792,马约拉尔
50267395,恩-内斯里
50103863,卡拉斯科
50116034,赫拉德-莫雷诺
50167488,莫拉莱斯
50219330,卢卡斯-博耶
50234599,费德里科-巴尔韦德
50253041,拉菲尼亚
50268451,普阿多
50468986,法蒂
50486914,比拉勒-图雷
50057279,拉梅拉
50082202,塞尔希奥-莱昂
50128902,塞尔希-达德尔
50132539,佩雷-米利亚
50225846,古鲁泽塔
50234996,拉法-米尔
50250916,丘库埃泽
50251337,尤斯廷-克鲁伊维特
50428007,巴埃纳
50428010,塞尔希奥-卡梅略
50431157,萨穆埃尔-利诺
50433280,拉萨罗
50433561,李刚仁
50520694,佩德里
50524102,尼科-威廉斯
50004786,卡瓦尼
50105142,德佩
50181273,阿尔瓦罗-加西亚
50204709,奥斯曼-登贝莱
50250868,米利唐
50000339,莫德里奇
50044161,卡纳莱斯
50069853,罗贝托
50075925,胡安米
50076368,勒热纳
50104435,德托马斯
50116593,奥坎波斯
50131972,巴斯克斯
50135221,巴普蒂斯唐
50136854,卡斯蒂列霍
50159271,埃斯卡兰特
50194210,邦贡达
50198667,恩巴尔巴
50198697,梅莱罗
50203201,庞塞
50222926,阿莱士-贝伦格尔
50225817,莫伦特
50230214,奥亚萨瓦尔
50248640,费兰-托雷斯
50250453,路易斯-苏亚雷斯
50255036,莫利纳
50271049,若昂-菲利克斯
50271874,尤尔根-拉森
50468598,罗德里戈-里克尔梅
50473928,耶雷米-皮诺
50541285,阿布德
50006026,特雷霍
50028585,卡普埃
50036797,帕雷霍
50054822,塞费罗维奇
50060337,古德利
50077828,卢卡斯-佩雷斯
50086168,菲德尔
50095398,亚历克斯-费尔南德斯
50095545,达尼-罗德里格斯
50099156,萨乌尔
50099869,塞尔希-瓜迪奥拉
50101784,戴维-洛佩斯
50103754,威廉-卡瓦略
50104650,索布里诺
50110171,鲁文-阿尔卡拉斯
50119272,阿库尼亚
50119907,莫伊-戈麦斯
50155495,奥利弗-托雷斯
50169245,阿约塞-佩雷斯
50173135,巴比奇
50185948,齐甘科夫
50200481,穆尼尔
50201172,埃尔莫索
50204325,贝斯加
50208275,迪亚卡比
50225866,卡莱斯-佩雷斯
50228490,乌马尔-萨迪克
50239428,艾杜
50242108,科梅萨尼亚
50243444,塞萨尔-蒙特斯
50258560,伊万-马丁
50411295,胡安-米兰达
50433003,蒙丘
50469677,拉马扎尼
50481376,巴雷内切亚
50503325,奥罗斯
50527431,迭戈-洛佩斯
50546924,何塞-赫尔
50575322,阿尔瑙-马丁内斯
50222924,梅里诺
50138964,布里安-奥利万
50159964,德保罗
50267808,罗伯托内
50048912,德马科斯
50189172,贡巴乌
50222925,巴尔哈
50527428,阿莱士-巴尔德
50002778,大卫-席尔瓦
50202475,阿莱士-加西亚
50428010,塞希奥-卡梅略
50450730,贡萨洛-普拉塔
50012581,托尼-克罗斯
50043882,布斯克茨
50139140,苏索
50187121,巴勃罗-马费奥
50208548,埃斯皮诺
50210353,塞尔维
50213851,塞瓦略斯
50238834,弗朗基-德容
50266760,安德烈-阿尔梅达
50273433,楚阿梅尼
50402786,吉利亚蒙
50648994,加维
50003029,劳尔-加西亚
50008543,拉基蒂奇
50025741,阿拉巴
50041897,穆尼亚因
50043651,阿尔巴
50073512,亚历克斯-比达尔
50100193,科克
50131776,赖洛
50132808,图
50135964,勒马尔
50138960,阿莱士-莫雷诺
50146190,加亚
50159344,米利亚
50197785,霍桑
50220405,托尼-苏亚雷斯
50231179,洛塞尔索
50232415,佩德拉萨
50248496,亚历杭德罗-波索
50251053,蒙铁尔
50252820,哈维尔-加兰
50253856,孔德
50258558,弗兰-加西亚
50270098,帕普-盖伊
50403356,马丁-苏维门迪
50428001,米格尔-古铁雷斯
50430607,蒙卡约拉
50501527,罗德里-桑切斯
50561017,路易斯-恩里克
50000304,华金
50013804,内格雷多
50044570,鲁文-桑切斯
50069832,伊斯科
50077858,特莱斯
50095378,卡瓦哈尔
50096635,达尼-加西亚
50100045,孔多比亚
50113349,富尔基耶
50133769,费基尔
50167485,鲁文-加西亚
50169383,乌奈-洛佩斯
50201175,马科斯-略伦特
50202409,阿莱尼亚
50217015,多明戈斯-杜阿尔特
50222614,乔瓦尼-冈萨雷斯
50235241,扬格利-埃雷拉
50250645,德拉托雷
50258561,贝尔特兰
50268536,阿尔瓦罗-阿瓜多
50270729,罗纳德-阿劳霍
50272986,基克-佩雷斯
50387895,埃杜
50405929,马特乌斯-库尼亚
50410020,哈维-埃尔南德斯
50411986,森特列斯
50428012,布赖恩-希尔
50433332,尤努斯-穆萨
50461301,查瓦里亚
50461355,巴莱里-费尔南德斯
50468594,马努-桑切斯
50468983,莫里巴
50474315,扬-科托
50476818,梅拉梅德
50503475,萨穆-科斯塔
50569113,穆罕默德-阿里-肖
50579657,劳塔罗-布兰科
